{"cameraMode":{"drawMode":0,"name":"Shaded","section":"Shading Mode"},"sceneLighting":false,"audioPlay":false,"sceneViewState":{"showFog":true,"showMaterialUpdate":false,"showSkybox":true,"showFlares":true,"showImageEffects":true,"showParticleSystems":true},"in2DMode":false,"pivot":{"x":-34.31645202636719,"y":-11.876922607421875,"z":-7.03271484375},"rotation":{"x":-0.01830814965069294,"y":0.008096127770841122,"z":-0.00014826050028204918,"w":-0.9997996091842651},"size":614.550048828125,"orthographic":false}